<?xml version="1.0"?>
<data grt_format="2.0">
  <value _ptr_="000001CCE4F5D040" type="list" content-type="object" content-struct-name="db.mgmt.Connection">
    <value type="object" struct-name="db.mgmt.Connection" id="{8CB4EA75-7AE6-4F58-A8E4-9E5BD99EA52C}" struct-checksum="0x96ba47d8">
      <link type="object" struct-name="db.mgmt.Driver" key="driver">com.mysql.rdbms.mysql.driver.native</link>
      <value type="string" key="hostIdentifier">Mysql@127.0.0.1:3306</value>
      <value type="int" key="isDefault">0</value>
      <value _ptr_="000001CCEADF9CC0" type="dict" key="modules"/>
      <value _ptr_="000001CCEADFA1A0" type="dict" key="parameterValues">
        <value type="string" key="DbSqlEditor:LastDefaultSchema">voca_rdb</value>
        <value type="string" key="SQL_MODE"></value>
        <value type="string" key="hostName">127.0.0.1</value>
        <value type="int" key="lastConnected">1530351882</value>
        <value type="string" key="password"></value>
        <value type="int" key="port">3306</value>
        <value type="string" key="schema"></value>
        <value type="string" key="serverVersion">8.0.11</value>
        <value type="string" key="sslCA"></value>
        <value type="string" key="sslCert"></value>
        <value type="string" key="sslCipher"></value>
        <value type="string" key="sslKey"></value>
        <value type="int" key="useSSL">1</value>
        <value type="string" key="userName">root</value>
      </value>
      <value type="string" key="name">My Connection</value>
      <link type="object" struct-name="GrtObject" key="owner">{0CA592D5-00EE-47D4-9C19-C83BF1CAEB98}</link>
    </value>
  </value>
</data>
