<?xml version="1.0"?>
<data grt_format="2.0">
  <value _ptr_="000001CCE4F5DDD0" type="list" content-type="object" content-struct-name="db.mgmt.ServerInstance">
    <value type="object" struct-name="db.mgmt.ServerInstance" id="{09E954F8-458E-471F-B536-BD06F49C5F48}" struct-checksum="0x367436e2">
      <link type="object" struct-name="db.mgmt.Connection" key="connection">{8CB4EA75-7AE6-4F58-A8E4-9E5BD99EA52C}</link>
      <value _ptr_="000001CCEADFAFE0" type="dict" key="loginInfo">
        <value type="string" key="ssh.port">22</value>
        <value type="int" key="ssh.useKey">0</value>
        <value type="string" key="wmi.hostName">127.0.0.1</value>
        <value type="string" key="wmi.userName"></value>
      </value>
      <value _ptr_="000001CCEADFAAA0" type="dict" key="serverInfo">
        <value type="string" key="serverVersion">8.0.11</value>
        <value type="int" key="setupPending">0</value>
        <value type="string" key="sys.config.path">C:\ProgramData\MySQL\MySQL Server 8.0\my.ini</value>
        <value type="string" key="sys.config.section">mysqld</value>
        <value type="string" key="sys.mysqld.service_name">MySQL80</value>
        <value type="string" key="sys.preset"></value>
        <value type="string" key="sys.sudo"></value>
        <value type="string" key="sys.system">Windows</value>
        <value type="int" key="windowsAdmin">1</value>
      </value>
      <value type="string" key="name">My Connection instance</value>
    </value>
  </value>
</data>
